name,code,timestamp,rate
Global average,FRGBLFB,2023-01-02,2146
China to Northern Europe,FRCNREU,2023-01-02,2636
Global average,FRGBLFB,2023-01-03,2159
China to Northern Europe,FRCNREU,2023-01-03,2712
Global average,FRGBLFB,2023-01-04,2169
China to Northern Europe,FRCNREU,2023-01-04,2712
Global average,FRGBLFB,2023-01-05,2170
China to Northern Europe,FRCNREU,2023-01-05,2712
Global average,FRGBLFB,2023-01-06,2186
China to Northern Europe,FRCNREU,2023-01-06,2712
Global average,FRGBLFB,2023-01-09,2185
China to Northern Europe,FRCNREU,2023-01-09,2712
Global average,FRGBLFB,2023-01-10,2245
China to Northern Europe,FRCNREU,2023-01-10,3045
Global average,FRGBLFB,2023-01-11,2246
China to Northern Europe,FRCNREU,2023-01-11,3045
Global average,FRGBLFB,2023-01-12,2256
China to Northern Europe,FRCNREU,2023-01-12,3045
Global average,FRGBLFB,2023-01-13,2257
China to Northern Europe,FRCNREU,2023-01-13,3045
Global average,FRGBLFB,2023-01-16,2160
China to Northern Europe,FRCNREU,2023-01-16,3420
Global average,FRGBLFB,2023-01-17,2171
China to Northern Europe,FRCNREU,2023-01-17,3420
Global average,FRGBLFB,2023-01-18,2172
China to Northern Europe,FRCNREU,2023-01-18,3420
Global average,FRGBLFB,2023-01-19,2173
China to Northern Europe,FRCNREU,2023-01-19,3420
Global average,FRGBLFB,2023-01-20,2213
China to Northern Europe,FRCNREU,2023-01-20,3420
Global average,FRGBLFB,2023-01-23,2216
China to Northern Europe,FRCNREU,2023-01-23,3420
Global average,FRGBLFB,2023-01-24,2212
China to Northern Europe,FRCNREU,2023-01-24,3420
Global average,FRGBLFB,2023-01-25,2211
China to Northern Europe,FRCNREU,2023-01-25,3420
Global average,FRGBLFB,2023-01-26,2217
China to Northern Europe,FRCNREU,2023-01-26,3420
Global average,FRGBLFB,2023-01-27,2214
China to Northern Europe,FRCNREU,2023-01-27,3420
Global average,FRGBLFB,2023-01-30,2133
China to Northern Europe,FRCNREU,2023-01-30,2920
Global average,FRGBLFB,2023-01-31,2133
China to Northern Europe,FRCNREU,2023-01-31,2920
Global average,FRGBLFB,2023-02-01,2020
China to Northern Europe,FRCNREU,2023-02-01,2920
Global average,FRGBLFB,2023-02-02,2025
China to Northern Europe,FRCNREU,2023-02-02,2920
Global average,FRGBLFB,2023-02-03,1997
China to Northern Europe,FRCNREU,2023-02-03,2920
Global average,FRGBLFB,2023-02-06,2000
China to Northern Europe,FRCNREU,2023-02-06,2920
Global average,FRGBLFB,2023-02-07,2008
China to Northern Europe,FRCNREU,2023-02-07,2920
Global average,FRGBLFB,2023-02-08,2002
China to Northern Europe,FRCNREU,2023-02-08,2920
Global average,FRGBLFB,2023-02-09,2001
China to Northern Europe,FRCNREU,2023-02-09,2920
Global average,FRGBLFB,2023-02-10,2016
China to Northern Europe,FRCNREU,2023-02-10,2920
Global average,FRGBLFB,2023-02-13,1976
China to Northern Europe,FRCNREU,2023-02-13,2735
Global average,FRGBLFB,2023-02-14,1976
China to Northern Europe,FRCNREU,2023-02-14,2735
Global average,FRGBLFB,2023-02-15,1995
China to Northern Europe,FRCNREU,2023-02-15,2625
Global average,FRGBLFB,2023-02-16,2004
China to Northern Europe,FRCNREU,2023-02-16,2668
Global average,FRGBLFB,2023-02-17,2005
China to Northern Europe,FRCNREU,2023-02-17,2648
Global average,FRGBLFB,2023-02-20,2002
China to Northern Europe,FRCNREU,2023-02-20,2622
Global average,FRGBLFB,2023-02-21,2050
China to Northern Europe,FRCNREU,2023-02-21,2622
Global average,FRGBLFB,2023-02-22,1964
China to Northern Europe,FRCNREU,2023-02-22,2625
Global average,FRGBLFB,2023-02-23,1960
China to Northern Europe,FRCNREU,2023-02-23,2608
Global average,FRGBLFB,2023-02-24,1944
China to Northern Europe,FRCNREU,2023-02-24,2608
Global average,FRGBLFB,2023-02-27,1947
China to Northern Europe,FRCNREU,2023-02-27,2608
Global average,FRGBLFB,2023-02-28,1946
China to Northern Europe,FRCNREU,2023-02-28,2608
Global average,FRGBLFB,2023-03-01,1874
China to Northern Europe,FRCNREU,2023-03-01,2608
Global average,FRGBLFB,2023-03-02,1592
China to Northern Europe,FRCNREU,2023-03-02,1538
Global average,FRGBLFB,2023-03-03,1592
China to Northern Europe,FRCNREU,2023-03-03,1532
Global average,FRGBLFB,2023-03-06,1626
China to Northern Europe,FRCNREU,2023-03-06,1531
Global average,FRGBLFB,2023-03-07,1558
China to Northern Europe,FRCNREU,2023-03-07,1512
Global average,FRGBLFB,2023-03-08,1557
China to Northern Europe,FRCNREU,2023-03-08,1512
Global average,FRGBLFB,2023-03-09,1553
China to Northern Europe,FRCNREU,2023-03-09,1512
Global average,FRGBLFB,2023-03-10,1549
China to Northern Europe,FRCNREU,2023-03-10,1512
Global average,FRGBLFB,2023-03-13,1546
China to Northern Europe,FRCNREU,2023-03-13,1512
Global average,FRGBLFB,2023-03-14,1537
China to Northern Europe,FRCNREU,2023-03-14,1486
Global average,FRGBLFB,2023-03-15,1508
China to Northern Europe,FRCNREU,2023-03-15,1374
Global average,FRGBLFB,2023-03-16,1502
China to Northern Europe,FRCNREU,2023-03-16,1374
Global average,FRGBLFB,2023-03-17,1505
China to Northern Europe,FRCNREU,2023-03-17,1374
Global average,FRGBLFB,2023-03-20,1505
China to Northern Europe,FRCNREU,2023-03-20,1374
Global average,FRGBLFB,2023-03-21,1505
China to Northern Europe,FRCNREU,2023-03-21,1374
Global average,FRGBLFB,2023-03-22,1505
China to Northern Europe,FRCNREU,2023-03-22,1374
Global average,FRGBLFB,2023-03-23,1505
China to Northern Europe,FRCNREU,2023-03-23,1374
Global average,FRGBLFB,2023-03-24,1487
China to Northern Europe,FRCNREU,2023-03-24,1374
Global average,FRGBLFB,2023-03-27,1493
China to Northern Europe,FRCNREU,2023-03-27,1374
Global average,FRGBLFB,2023-03-28,1485
China to Northern Europe,FRCNREU,2023-03-28,1349
Global average,FRGBLFB,2023-03-29,1485
China to Northern Europe,FRCNREU,2023-03-29,1349
Global average,FRGBLFB,2023-03-30,1485
China to Northern Europe,FRCNREU,2023-03-30,1349
Global average,FRGBLFB,2023-03-31,1465
China to Northern Europe,FRCNREU,2023-03-31,1326
Global average,FRGBLFB,2023-04-03,1410
China to Northern Europe,FRCNREU,2023-04-03,1427
Global average,FRGBLFB,2023-04-04,1418
China to Northern Europe,FRCNREU,2023-04-04,1427
Global average,FRGBLFB,2023-04-05,1413
China to Northern Europe,FRCNREU,2023-04-05,1427
Global average,FRGBLFB,2023-04-06,1406
China to Northern Europe,FRCNREU,2023-04-06,1427
Global average,FRGBLFB,2023-04-07,1406
China to Northern Europe,FRCNREU,2023-04-07,1427
Global average,FRGBLFB,2023-04-10,1406
China to Northern Europe,FRCNREU,2023-04-10,1427
Global average,FRGBLFB,2023-04-11,1401
China to Northern Europe,FRCNREU,2023-04-11,1429
Global average,FRGBLFB,2023-04-12,1399
China to Northern Europe,FRCNREU,2023-04-12,1429
Global average,FRGBLFB,2023-04-13,1397
China to Northern Europe,FRCNREU,2023-04-13,1429
Global average,FRGBLFB,2023-04-14,1399
China to Northern Europe,FRCNREU,2023-04-14,1429
Global average,FRGBLFB,2023-04-17,1601
China to Northern Europe,FRCNREU,2023-04-17,1410
Global average,FRGBLFB,2023-04-18,1600
China to Northern Europe,FRCNREU,2023-04-18,1410
Global average,FRGBLFB,2023-04-19,1598
China to Northern Europe,FRCNREU,2023-04-19,1410
Global average,FRGBLFB,2023-04-20,1598
China to Northern Europe,FRCNREU,2023-04-20,1410
Global average,FRGBLFB,2023-04-21,1596
China to Northern Europe,FRCNREU,2023-04-21,1410
Global average,FRGBLFB,2023-04-24,1595
China to Northern Europe,FRCNREU,2023-04-24,1410
Global average,FRGBLFB,2023-04-25,1586
China to Northern Europe,FRCNREU,2023-04-25,1396
Global average,FRGBLFB,2023-04-26,1565
China to Northern Europe,FRCNREU,2023-04-26,1396
Global average,FRGBLFB,2023-04-27,1565
China to Northern Europe,FRCNREU,2023-04-27,1396
Global average,FRGBLFB,2023-04-28,1567
China to Northern Europe,FRCNREU,2023-04-28,1396
Global average,FRGBLFB,2023-05-01,1567
China to Northern Europe,FRCNREU,2023-05-01,1396
Global average,FRGBLFB,2023-05-02,1533
China to Northern Europe,FRCNREU,2023-05-02,1410
Global average,FRGBLFB,2023-05-03,1499
China to Northern Europe,FRCNREU,2023-05-03,1385
Global average,FRGBLFB,2023-05-04,1483
China to Northern Europe,FRCNREU,2023-05-04,1385
Global average,FRGBLFB,2023-05-05,1477
China to Northern Europe,FRCNREU,2023-05-05,1385
Global average,FRGBLFB,2023-05-08,1477
China to Northern Europe,FRCNREU,2023-05-08,1385
Global average,FRGBLFB,2023-05-09,1455
China to Northern Europe,FRCNREU,2023-05-09,1382
Global average,FRGBLFB,2023-05-10,1430
China to Northern Europe,FRCNREU,2023-05-10,1368
Global average,FRGBLFB,2023-05-11,1428
China to Northern Europe,FRCNREU,2023-05-11,1381
Global average,FRGBLFB,2023-05-12,1429
China to Northern Europe,FRCNREU,2023-05-12,1381
Global average,FRGBLFB,2023-05-15,1432
China to Northern Europe,FRCNREU,2023-05-15,1300
Global average,FRGBLFB,2023-05-16,1446
China to Northern Europe,FRCNREU,2023-05-16,1370
Global average,FRGBLFB,2023-05-17,1456
China to Northern Europe,FRCNREU,2023-05-17,1418
Global average,FRGBLFB,2023-05-18,1445
China to Northern Europe,FRCNREU,2023-05-18,1418
Global average,FRGBLFB,2023-05-19,1461
China to Northern Europe,FRCNREU,2023-05-19,1418
Global average,FRGBLFB,2023-05-22,1416
China to Northern Europe,FRCNREU,2023-05-22,1420
Global average,FRGBLFB,2023-05-23,1413
China to Northern Europe,FRCNREU,2023-05-23,1420
Global average,FRGBLFB,2023-05-24,1419
China to Northern Europe,FRCNREU,2023-05-24,1420
Global average,FRGBLFB,2023-05-25,1401
China to Northern Europe,FRCNREU,2023-05-25,1420
Global average,FRGBLFB,2023-05-26,1393
China to Northern Europe,FRCNREU,2023-05-26,1420
Global average,FRGBLFB,2023-05-29,1393
China to Northern Europe,FRCNREU,2023-05-29,1420
Global average,FRGBLFB,2023-05-30,1390
China to Northern Europe,FRCNREU,2023-05-30,1420
Global average,FRGBLFB,2023-05-31,1399
China to Northern Europe,FRCNREU,2023-05-31,1420
Global average,FRGBLFB,2023-06-01,1343
China to Northern Europe,FRCNREU,2023-06-01,1165
Global average,FRGBLFB,2023-06-02,1380
China to Northern Europe,FRCNREU,2023-06-02,1172
Global average,FRGBLFB,2023-06-05,1388
China to Northern Europe,FRCNREU,2023-06-05,1165
Global average,FRGBLFB,2023-06-06,1466
China to Northern Europe,FRCNREU,2023-06-06,1165
Global average,FRGBLFB,2023-06-07,1443
China to Northern Europe,FRCNREU,2023-06-07,1226
Global average,FRGBLFB,2023-06-08,1453
China to Northern Europe,FRCNREU,2023-06-08,1226
Global average,FRGBLFB,2023-06-09,1453
China to Northern Europe,FRCNREU,2023-06-09,1226
Global average,FRGBLFB,2023-06-12,1472
China to Northern Europe,FRCNREU,2023-06-12,1356
Global average,FRGBLFB,2023-06-13,1464
China to Northern Europe,FRCNREU,2023-06-13,1356
Global average,FRGBLFB,2023-06-14,1435
China to Northern Europe,FRCNREU,2023-06-14,1356
Global average,FRGBLFB,2023-06-15,1328
China to Northern Europe,FRCNREU,2023-06-15,1294
Global average,FRGBLFB,2023-06-16,1295
China to Northern Europe,FRCNREU,2023-06-16,1263
Global average,FRGBLFB,2023-06-19,1309
China to Northern Europe,FRCNREU,2023-06-19,1263
Global average,FRGBLFB,2023-06-20,1305
China to Northern Europe,FRCNREU,2023-06-20,1263
Global average,FRGBLFB,2023-06-21,1297
China to Northern Europe,FRCNREU,2023-06-21,1253
Global average,FRGBLFB,2023-06-22,1292
China to Northern Europe,FRCNREU,2023-06-22,1247
Global average,FRGBLFB,2023-06-23,1284
China to Northern Europe,FRCNREU,2023-06-23,1304
Global average,FRGBLFB,2023-06-26,1287
China to Northern Europe,FRCNREU,2023-06-26,1301
Global average,FRGBLFB,2023-06-27,1288
China to Northern Europe,FRCNREU,2023-06-27,1296
Global average,FRGBLFB,2023-06-28,1270
China to Northern Europe,FRCNREU,2023-06-28,1296
Global average,FRGBLFB,2023-06-29,1271
China to Northern Europe,FRCNREU,2023-06-29,1297
Global average,FRGBLFB,2023-06-30,1270
China to Northern Europe,FRCNREU,2023-06-30,1293
Global average,FRGBLFB,2023-07-03,1286
China to Northern Europe,FRCNREU,2023-07-03,1300
Global average,FRGBLFB,2023-07-04,1286
China to Northern Europe,FRCNREU,2023-07-04,1298
Global average,FRGBLFB,2023-07-05,1297
China to Northern Europe,FRCNREU,2023-07-05,1299
Global average,FRGBLFB,2023-07-06,1294
China to Northern Europe,FRCNREU,2023-07-06,1306
Global average,FRGBLFB,2023-07-07,1287
China to Northern Europe,FRCNREU,2023-07-07,1296
Global average,FRGBLFB,2023-07-10,1280
China to Northern Europe,FRCNREU,2023-07-10,1286
Global average,FRGBLFB,2023-07-11,1279
China to Northern Europe,FRCNREU,2023-07-11,1286
Global average,FRGBLFB,2023-07-12,1264
China to Northern Europe,FRCNREU,2023-07-12,1286
Global average,FRGBLFB,2023-07-13,1264
China to Northern Europe,FRCNREU,2023-07-13,1286
Global average,FRGBLFB,2023-07-14,1264
China to Northern Europe,FRCNREU,2023-07-14,1286
Global average,FRGBLFB,2023-07-17,1267
China to Northern Europe,FRCNREU,2023-07-17,1286
Global average,FRGBLFB,2023-07-18,1268
China to Northern Europe,FRCNREU,2023-07-18,1286
Global average,FRGBLFB,2023-07-19,1281
China to Northern Europe,FRCNREU,2023-07-19,1285
Global average,FRGBLFB,2023-07-20,1317
China to Northern Europe,FRCNREU,2023-07-20,1284
Global average,FRGBLFB,2023-07-21,1317
China to Northern Europe,FRCNREU,2023-07-21,1283
Global average,FRGBLFB,2023-07-24,1334
China to Northern Europe,FRCNREU,2023-07-24,1268
Global average,FRGBLFB,2023-07-25,1333
China to Northern Europe,FRCNREU,2023-07-25,1268
Global average,FRGBLFB,2023-07-26,1320
China to Northern Europe,FRCNREU,2023-07-26,1261
Global average,FRGBLFB,2023-07-27,1315
China to Northern Europe,FRCNREU,2023-07-27,1260
Global average,FRGBLFB,2023-07-28,1314
China to Northern Europe,FRCNREU,2023-07-28,1265
Global average,FRGBLFB,2023-07-31,1314
China to Northern Europe,FRCNREU,2023-07-31,1267
Global average,FRGBLFB,2023-08-01,1470
China to Northern Europe,FRCNREU,2023-08-01,1736
Global average,FRGBLFB,2023-08-02,1460
China to Northern Europe,FRCNREU,2023-08-02,1744
Global average,FRGBLFB,2023-08-03,1480
China to Northern Europe,FRCNREU,2023-08-03,1760
Global average,FRGBLFB,2023-08-04,1485
China to Northern Europe,FRCNREU,2023-08-04,1770
Global average,FRGBLFB,2023-08-07,1540
China to Northern Europe,FRCNREU,2023-08-07,1805
Global average,FRGBLFB,2023-08-08,1539
China to Northern Europe,FRCNREU,2023-08-08,1782
Global average,FRGBLFB,2023-08-09,1544
China to Northern Europe,FRCNREU,2023-08-09,1784
Global average,FRGBLFB,2023-08-10,1531
China to Northern Europe,FRCNREU,2023-08-10,1784
Global average,FRGBLFB,2023-08-11,1512
China to Northern Europe,FRCNREU,2023-08-11,1788
Global average,FRGBLFB,2023-08-14,1528
China to Northern Europe,FRCNREU,2023-08-14,1782
Global average,FRGBLFB,2023-08-15,1461
China to Northern Europe,FRCNREU,2023-08-15,1691
Global average,FRGBLFB,2023-08-16,1465
China to Northern Europe,FRCNREU,2023-08-16,1691
Global average,FRGBLFB,2023-08-17,1527
China to Northern Europe,FRCNREU,2023-08-17,1691
Global average,FRGBLFB,2023-08-18,1522
China to Northern Europe,FRCNREU,2023-08-18,1683
Global average,FRGBLFB,2023-08-21,1535
China to Northern Europe,FRCNREU,2023-08-21,1738
Global average,FRGBLFB,2023-08-22,1530
China to Northern Europe,FRCNREU,2023-08-22,1738
Global average,FRGBLFB,2023-08-23,1523
China to Northern Europe,FRCNREU,2023-08-23,1736
Global average,FRGBLFB,2023-08-24,1524
China to Northern Europe,FRCNREU,2023-08-24,1736
Global average,FRGBLFB,2023-08-25,1537
China to Northern Europe,FRCNREU,2023-08-25,1787
Global average,FRGBLFB,2023-08-28,1537
China to Northern Europe,FRCNREU,2023-08-28,1787
Global average,FRGBLFB,2023-08-29,1516
China to Northern Europe,FRCNREU,2023-08-29,1772
Global average,FRGBLFB,2023-08-30,1541
China to Northern Europe,FRCNREU,2023-08-30,1748
Global average,FRGBLFB,2023-08-31,1538
China to Northern Europe,FRCNREU,2023-08-31,1753
Global average,FRGBLFB,2023-09-01,1525
China to Northern Europe,FRCNREU,2023-09-01,1682
Global average,FRGBLFB,2023-09-04,1480
China to Northern Europe,FRCNREU,2023-09-04,1615
Global average,FRGBLFB,2023-09-05,1455
China to Northern Europe,FRCNREU,2023-09-05,1623
Global average,FRGBLFB,2023-09-06,1456
China to Northern Europe,FRCNREU,2023-09-06,1596
Global average,FRGBLFB,2023-09-07,1456
China to Northern Europe,FRCNREU,2023-09-07,1640
Global average,FRGBLFB,2023-09-08,1428
China to Northern Europe,FRCNREU,2023-09-08,1565
Global average,FRGBLFB,2023-09-11,1410
China to Northern Europe,FRCNREU,2023-09-11,1566
Global average,FRGBLFB,2023-09-12,1411
China to Northern Europe,FRCNREU,2023-09-12,1574
Global average,FRGBLFB,2023-09-13,1396
China to Northern Europe,FRCNREU,2023-09-13,1535
Global average,FRGBLFB,2023-09-14,1399
China to Northern Europe,FRCNREU,2023-09-14,1542
Global average,FRGBLFB,2023-09-15,1332
China to Northern Europe,FRCNREU,2023-09-15,1366
Global average,FRGBLFB,2023-09-18,1269
China to Northern Europe,FRCNREU,2023-09-18,999
Global average,FRGBLFB,2023-09-19,1242
China to Northern Europe,FRCNREU,2023-09-19,999
Global average,FRGBLFB,2023-09-20,1239
China to Northern Europe,FRCNREU,2023-09-20,995
Global average,FRGBLFB,2023-09-21,1256
China to Northern Europe,FRCNREU,2023-09-21,999
Global average,FRGBLFB,2023-09-22,1249
China to Northern Europe,FRCNREU,2023-09-22,990
Global average,FRGBLFB,2023-09-25,1171
China to Northern Europe,FRCNREU,2023-09-25,999
Global average,FRGBLFB,2023-09-26,1179
China to Northern Europe,FRCNREU,2023-09-26,1025
Global average,FRGBLFB,2023-09-27,1177
China to Northern Europe,FRCNREU,2023-09-27,1025
Global average,FRGBLFB,2023-09-28,1183
China to Northern Europe,FRCNREU,2023-09-28,1025
Global average,FRGBLFB,2023-09-29,1172
China to Northern Europe,FRCNREU,2023-09-29,1025
Global average,FRGBLFB,2023-10-02,1097
China to Northern Europe,FRCNREU,2023-10-02,898
Global average,FRGBLFB,2023-10-03,1094
China to Northern Europe,FRCNREU,2023-10-03,898
Global average,FRGBLFB,2023-10-04,1091
China to Northern Europe,FRCNREU,2023-10-04,898
Global average,FRGBLFB,2023-10-05,1086
China to Northern Europe,FRCNREU,2023-10-05,946
Global average,FRGBLFB,2023-10-06,1076
China to Northern Europe,FRCNREU,2023-10-06,946
Global average,FRGBLFB,2023-10-09,1077
China to Northern Europe,FRCNREU,2023-10-09,946
Global average,FRGBLFB,2023-10-10,1076
China to Northern Europe,FRCNREU,2023-10-10,946
Global average,FRGBLFB,2023-10-11,1076
China to Northern Europe,FRCNREU,2023-10-11,946
Global average,FRGBLFB,2023-10-12,1070
China to Northern Europe,FRCNREU,2023-10-12,946
Global average,FRGBLFB,2023-10-13,1068
China to Northern Europe,FRCNREU,2023-10-13,946
Global average,FRGBLFB,2023-10-16,1047
China to Northern Europe,FRCNREU,2023-10-16,946
Global average,FRGBLFB,2023-10-17,1018
China to Northern Europe,FRCNREU,2023-10-17,946
Global average,FRGBLFB,2023-10-18,1037
China to Northern Europe,FRCNREU,2023-10-18,946
Global average,FRGBLFB,2023-10-19,1040
China to Northern Europe,FRCNREU,2023-10-19,946
Global average,FRGBLFB,2023-10-20,1098
China to Northern Europe,FRCNREU,2023-10-20,1106
Global average,FRGBLFB,2023-10-23,1085
China to Northern Europe,FRCNREU,2023-10-23,1054
Global average,FRGBLFB,2023-10-24,1092
China to Northern Europe,FRCNREU,2023-10-24,1048
Global average,FRGBLFB,2023-10-25,1102
China to Northern Europe,FRCNREU,2023-10-25,1070
Global average,FRGBLFB,2023-10-26,1101
China to Northern Europe,FRCNREU,2023-10-26,1065
Global average,FRGBLFB,2023-10-27,1095
China to Northern Europe,FRCNREU,2023-10-27,1042
Global average,FRGBLFB,2023-10-30,1104
China to Northern Europe,FRCNREU,2023-10-30,1068
Global average,FRGBLFB,2023-10-31,1106
China to Northern Europe,FRCNREU,2023-10-31,1070
Global average,FRGBLFB,2023-11-01,1206
China to Northern Europe,FRCNREU,2023-11-01,1352
Global average,FRGBLFB,2023-11-02,1206
China to Northern Europe,FRCNREU,2023-11-02,1352
Global average,FRGBLFB,2023-11-03,1213
China to Northern Europe,FRCNREU,2023-11-03,1405
Global average,FRGBLFB,2023-11-06,1217
China to Northern Europe,FRCNREU,2023-11-06,1383
Global average,FRGBLFB,2023-11-07,1217
China to Northern Europe,FRCNREU,2023-11-07,1383
Global average,FRGBLFB,2023-11-08,1217
China to Northern Europe,FRCNREU,2023-11-08,1384
Global average,FRGBLFB,2023-11-09,1214
China to Northern Europe,FRCNREU,2023-11-09,1377
Global average,FRGBLFB,2023-11-10,1222
China to Northern Europe,FRCNREU,2023-11-10,1377
Global average,FRGBLFB,2023-11-13,1216
China to Northern Europe,FRCNREU,2023-11-13,1354
Global average,FRGBLFB,2023-11-14,1196
China to Northern Europe,FRCNREU,2023-11-14,1307
Global average,FRGBLFB,2023-11-15,1132
China to Northern Europe,FRCNREU,2023-11-15,1304
Global average,FRGBLFB,2023-11-16,1123
China to Northern Europe,FRCNREU,2023-11-16,1283
Global average,FRGBLFB,2023-11-17,1120
China to Northern Europe,FRCNREU,2023-11-17,1208
Global average,FRGBLFB,2023-11-20,1150
China to Northern Europe,FRCNREU,2023-11-20,1208
Global average,FRGBLFB,2023-11-21,1158
China to Northern Europe,FRCNREU,2023-11-21,1211
Global average,FRGBLFB,2023-11-22,1157
China to Northern Europe,FRCNREU,2023-11-22,1211
Global average,FRGBLFB,2023-11-23,1160
China to Northern Europe,FRCNREU,2023-11-23,1213
Global average,FRGBLFB,2023-11-24,1154
China to Northern Europe,FRCNREU,2023-11-24,1213
Global average,FRGBLFB,2023-11-27,1163
China to Northern Europe,FRCNREU,2023-11-27,1213
Global average,FRGBLFB,2023-11-28,1158
China to Northern Europe,FRCNREU,2023-11-28,1174
Global average,FRGBLFB,2023-11-29,1152
China to Northern Europe,FRCNREU,2023-11-29,1145
Global average,FRGBLFB,2023-11-30,1174
China to Northern Europe,FRCNREU,2023-11-30,1243
Global average,FRGBLFB,2023-12-01,1249
China to Northern Europe,FRCNREU,2023-12-01,1440
Global average,FRGBLFB,2023-12-04,1262
China to Northern Europe,FRCNREU,2023-12-04,1497
Global average,FRGBLFB,2023-12-05,1269
China to Northern Europe,FRCNREU,2023-12-05,1491
Global average,FRGBLFB,2023-12-06,1276
China to Northern Europe,FRCNREU,2023-12-06,1452
Global average,FRGBLFB,2023-12-07,1272
China to Northern Europe,FRCNREU,2023-12-07,1446
Global average,FRGBLFB,2023-12-08,1271
China to Northern Europe,FRCNREU,2023-12-08,1446
Global average,FRGBLFB,2023-12-11,1279
China to Northern Europe,FRCNREU,2023-12-11,1468
Global average,FRGBLFB,2023-12-12,1280
China to Northern Europe,FRCNREU,2023-12-12,1468
Global average,FRGBLFB,2023-12-13,1277
China to Northern Europe,FRCNREU,2023-12-13,1459
Global average,FRGBLFB,2023-12-14,1273
China to Northern Europe,FRCNREU,2023-12-14,1461
Global average,FRGBLFB,2023-12-15,1298
China to Northern Europe,FRCNREU,2023-12-15,1478
Global average,FRGBLFB,2023-12-18,1308
China to Northern Europe,FRCNREU,2023-12-18,1560
Global average,FRGBLFB,2023-12-19,1370
China to Northern Europe,FRCNREU,2023-12-19,1684
Global average,FRGBLFB,2023-12-20,1373
China to Northern Europe,FRCNREU,2023-12-20,1687
Global average,FRGBLFB,2023-12-21,1339
China to Northern Europe,FRCNREU,2023-12-21,1584
Global average,FRGBLFB,2023-12-22,1341
China to Northern Europe,FRCNREU,2023-12-22,1590
Global average,FRGBLFB,2023-12-25,1341
China to Northern Europe,FRCNREU,2023-12-25,1590
Global average,FRGBLFB,2023-12-26,1341
China to Northern Europe,FRCNREU,2023-12-26,1590
Global average,FRGBLFB,2023-12-27,1341
China to Northern Europe,FRCNREU,2023-12-27,1590
Global average,FRGBLFB,2023-12-28,1341
China to Northern Europe,FRCNREU,2023-12-28,1590
Global average,FRGBLFB,2023-12-29,1341
China to Northern Europe,FRCNREU,2023-12-29,1590
Global average,FRGBLFB,2024-01-01,1341
China to Northern Europe,FRCNREU,2024-01-01,1590
Global average,FRGBLFB,2024-01-02,2440
China to Northern Europe,FRCNREU,2024-01-02,4042
Global average,FRGBLFB,2024-01-03,2459
China to Northern Europe,FRCNREU,2024-01-03,4042
Global average,FRGBLFB,2024-01-04,2571
China to Northern Europe,FRCNREU,2024-01-04,4740
Global average,FRGBLFB,2024-01-05,2606
China to Northern Europe,FRCNREU,2024-01-05,4740
Global average,FRGBLFB,2024-01-08,2617
China to Northern Europe,FRCNREU,2024-01-08,4789
Global average,FRGBLFB,2024-01-09,2591
China to Northern Europe,FRCNREU,2024-01-09,4789
Global average,FRGBLFB,2024-01-10,2586
China to Northern Europe,FRCNREU,2024-01-10,4789
Global average,FRGBLFB,2024-01-11,2568
China to Northern Europe,FRCNREU,2024-01-11,4623
Global average,FRGBLFB,2024-01-12,2703
China to Northern Europe,FRCNREU,2024-01-12,4795
Global average,FRGBLFB,2024-01-15,2862
China to Northern Europe,FRCNREU,2024-01-15,4948
Global average,FRGBLFB,2024-01-16,2892
China to Northern Europe,FRCNREU,2024-01-16,5117
Global average,FRGBLFB,2024-01-17,3220
China to Northern Europe,FRCNREU,2024-01-17,5784
Global average,FRGBLFB,2024-01-18,3236
China to Northern Europe,FRCNREU,2024-01-18,5794
Global average,FRGBLFB,2024-01-19,3258
China to Northern Europe,FRCNREU,2024-01-19,5817
Global average,FRGBLFB,2024-01-22,3410
China to Northern Europe,FRCNREU,2024-01-22,5525
Global average,FRGBLFB,2024-01-23,3401
China to Northern Europe,FRCNREU,2024-01-23,5504
Global average,FRGBLFB,2024-01-24,3408
China to Northern Europe,FRCNREU,2024-01-24,5530
Global average,FRGBLFB,2024-01-25,3409
China to Northern Europe,FRCNREU,2024-01-25,5366
Global average,FRGBLFB,2024-01-26,3427
China to Northern Europe,FRCNREU,2024-01-26,5353
Global average,FRGBLFB,2024-01-29,3448
China to Northern Europe,FRCNREU,2024-01-29,5340
Global average,FRGBLFB,2024-01-30,3442
China to Northern Europe,FRCNREU,2024-01-30,5305
Global average,FRGBLFB,2024-01-31,3432
China to Northern Europe,FRCNREU,2024-01-31,5287
Global average,FRGBLFB,2024-02-01,3288
China to Northern Europe,FRCNREU,2024-02-01,4788
Global average,FRGBLFB,2024-02-02,3356
China to Northern Europe,FRCNREU,2024-02-02,4766
Global average,FRGBLFB,2024-02-05,3350
China to Northern Europe,FRCNREU,2024-02-05,4843
Global average,FRGBLFB,2024-02-06,3354
China to Northern Europe,FRCNREU,2024-02-06,4843
Global average,FRGBLFB,2024-02-07,3409
China to Northern Europe,FRCNREU,2024-02-07,4608
Global average,FRGBLFB,2024-02-08,3397
China to Northern Europe,FRCNREU,2024-02-08,4597
Global average,FRGBLFB,2024-02-09,3454
China to Northern Europe,FRCNREU,2024-02-09,4593
Global average,FRGBLFB,2024-02-12,3457
China to Northern Europe,FRCNREU,2024-02-12,4579
Global average,FRGBLFB,2024-02-13,3458
China to Northern Europe,FRCNREU,2024-02-13,4579
Global average,FRGBLFB,2024-02-14,3482
China to Northern Europe,FRCNREU,2024-02-14,4660
Global average,FRGBLFB,2024-02-15,3364
China to Northern Europe,FRCNREU,2024-02-15,4557
Global average,FRGBLFB,2024-02-16,3354
China to Northern Europe,FRCNREU,2024-02-16,4560
Global average,FRGBLFB,2024-02-19,3363
China to Northern Europe,FRCNREU,2024-02-19,4568
Global average,FRGBLFB,2024-02-20,3354
China to Northern Europe,FRCNREU,2024-02-20,4540
Global average,FRGBLFB,2024-02-21,3355
China to Northern Europe,FRCNREU,2024-02-21,4568
Global average,FRGBLFB,2024-02-22,3344
China to Northern Europe,FRCNREU,2024-02-22,4552
Global average,FRGBLFB,2024-02-23,3342
China to Northern Europe,FRCNREU,2024-02-23,4539
Global average,FRGBLFB,2024-02-26,3339
China to Northern Europe,FRCNREU,2024-02-26,4526
Global average,FRGBLFB,2024-02-27,3332
China to Northern Europe,FRCNREU,2024-02-27,4528
Global average,FRGBLFB,2024-02-28,3293
China to Northern Europe,FRCNREU,2024-02-28,4520
Global average,FRGBLFB,2024-02-29,3281
China to Northern Europe,FRCNREU,2024-02-29,4504
Global average,FRGBLFB,2024-03-01,3254
China to Northern Europe,FRCNREU,2024-03-01,4427
Global average,FRGBLFB,2024-03-04,3228
China to Northern Europe,FRCNREU,2024-03-04,4312
Global average,FRGBLFB,2024-03-05,3059
China to Northern Europe,FRCNREU,2024-03-05,4308
Global average,FRGBLFB,2024-03-06,3022
China to Northern Europe,FRCNREU,2024-03-06,4310
Global average,FRGBLFB,2024-03-07,3022
China to Northern Europe,FRCNREU,2024-03-07,4307
Global average,FRGBLFB,2024-03-08,3018
China to Northern Europe,FRCNREU,2024-03-08,4327
Global average,FRGBLFB,2024-03-11,2985
China to Northern Europe,FRCNREU,2024-03-11,4322
Global average,FRGBLFB,2024-03-12,2951
China to Northern Europe,FRCNREU,2024-03-12,4217
Global average,FRGBLFB,2024-03-13,2863
China to Northern Europe,FRCNREU,2024-03-13,3900
Global average,FRGBLFB,2024-03-14,2824
China to Northern Europe,FRCNREU,2024-03-14,3763
Global average,FRGBLFB,2024-03-15,2717
China to Northern Europe,FRCNREU,2024-03-15,3155
Global average,FRGBLFB,2024-03-18,2617
China to Northern Europe,FRCNREU,2024-03-18,3221
Global average,FRGBLFB,2024-03-19,2528
China to Northern Europe,FRCNREU,2024-03-19,3155
Global average,FRGBLFB,2024-03-20,2536
China to Northern Europe,FRCNREU,2024-03-20,3155
Global average,FRGBLFB,2024-03-21,2659
China to Northern Europe,FRCNREU,2024-03-21,3155
Global average,FRGBLFB,2024-03-22,2778
China to Northern Europe,FRCNREU,2024-03-22,3258
Global average,FRGBLFB,2024-03-25,2812
China to Northern Europe,FRCNREU,2024-03-25,3258
Global average,FRGBLFB,2024-03-26,2723
China to Northern Europe,FRCNREU,2024-03-26,3258
Global average,FRGBLFB,2024-03-27,2685
China to Northern Europe,FRCNREU,2024-03-27,3258
Global average,FRGBLFB,2024-03-28,2682
China to Northern Europe,FRCNREU,2024-03-28,3258
Global average,FRGBLFB,2024-03-29,2682
China to Northern Europe,FRCNREU,2024-03-29,3258
Global average,FRGBLFB,2024-04-01,2682
China to Northern Europe,FRCNREU,2024-04-01,3258
Global average,FRGBLFB,2024-04-02,2503
China to Northern Europe,FRCNREU,2024-04-02,3411
Global average,FRGBLFB,2024-04-03,2433
China to Northern Europe,FRCNREU,2024-04-03,3251
Global average,FRGBLFB,2024-04-04,2447
China to Northern Europe,FRCNREU,2024-04-04,3255
Global average,FRGBLFB,2024-04-05,2464
China to Northern Europe,FRCNREU,2024-04-05,3383
Global average,FRGBLFB,2024-04-08,2487
China to Northern Europe,FRCNREU,2024-04-08,3442
Global average,FRGBLFB,2024-04-09,2489
China to Northern Europe,FRCNREU,2024-04-09,3453
Global average,FRGBLFB,2024-04-10,2494
China to Northern Europe,FRCNREU,2024-04-10,3554
Global average,FRGBLFB,2024-04-11,2509
China to Northern Europe,FRCNREU,2024-04-11,3638
Global average,FRGBLFB,2024-04-12,2515
China to Northern Europe,FRCNREU,2024-04-12,3640
Global average,FRGBLFB,2024-04-15,2332
China to Northern Europe,FRCNREU,2024-04-15,3445
Global average,FRGBLFB,2024-04-16,2305
China to Northern Europe,FRCNREU,2024-04-16,3237
Global average,FRGBLFB,2024-04-17,2369
China to Northern Europe,FRCNREU,2024-04-17,3289
Global average,FRGBLFB,2024-04-18,2373
China to Northern Europe,FRCNREU,2024-04-18,3289
Global average,FRGBLFB,2024-04-19,2388
China to Northern Europe,FRCNREU,2024-04-19,3261
Global average,FRGBLFB,2024-04-22,2381
China to Northern Europe,FRCNREU,2024-04-22,3246
Global average,FRGBLFB,2024-04-23,2405
China to Northern Europe,FRCNREU,2024-04-23,3368
Global average,FRGBLFB,2024-04-24,2320
China to Northern Europe,FRCNREU,2024-04-24,3377
Global average,FRGBLFB,2024-04-25,2407
China to Northern Europe,FRCNREU,2024-04-25,3410
Global average,FRGBLFB,2024-04-26,2405
China to Northern Europe,FRCNREU,2024-04-26,3423
Global average,FRGBLFB,2024-04-29,2428
China to Northern Europe,FRCNREU,2024-04-29,3423
Global average,FRGBLFB,2024-04-30,2408
China to Northern Europe,FRCNREU,2024-04-30,3436
Global average,FRGBLFB,2024-05-01,2409
China to Northern Europe,FRCNREU,2024-05-01,3436
Global average,FRGBLFB,2024-05-02,2695
China to Northern Europe,FRCNREU,2024-05-02,3520
Global average,FRGBLFB,2024-05-03,2863
China to Northern Europe,FRCNREU,2024-05-03,3936
Global average,FRGBLFB,2024-05-06,2863
China to Northern Europe,FRCNREU,2024-05-06,3936
Global average,FRGBLFB,2024-05-07,2907
China to Northern Europe,FRCNREU,2024-05-07,4228
Global average,FRGBLFB,2024-05-08,2841
China to Northern Europe,FRCNREU,2024-05-08,4228
Global average,FRGBLFB,2024-05-09,2853
China to Northern Europe,FRCNREU,2024-05-09,4054
Global average,FRGBLFB,2024-05-10,2906
China to Northern Europe,FRCNREU,2024-05-10,4095
Global average,FRGBLFB,2024-05-13,2955
China to Northern Europe,FRCNREU,2024-05-13,4337
Global average,FRGBLFB,2024-05-14,2980
China to Northern Europe,FRCNREU,2024-05-14,4390
Global average,FRGBLFB,2024-05-15,3030
China to Northern Europe,FRCNREU,2024-05-15,4437
Global average,FRGBLFB,2024-05-16,3259
China to Northern Europe,FRCNREU,2024-05-16,4914
Global average,FRGBLFB,2024-05-17,3315
China to Northern Europe,FRCNREU,2024-05-17,4937
Global average,FRGBLFB,2024-05-20,3338
China to Northern Europe,FRCNREU,2024-05-20,4937
Global average,FRGBLFB,2024-05-21,3434
China to Northern Europe,FRCNREU,2024-05-21,4977
Global average,FRGBLFB,2024-05-22,3421
China to Northern Europe,FRCNREU,2024-05-22,4826
Global average,FRGBLFB,2024-05-23,3442
China to Northern Europe,FRCNREU,2024-05-23,4826
Global average,FRGBLFB,2024-05-24,3431
China to Northern Europe,FRCNREU,2024-05-24,4844
Global average,FRGBLFB,2024-05-27,3431
China to Northern Europe,FRCNREU,2024-05-27,4844
Global average,FRGBLFB,2024-05-28,3496
China to Northern Europe,FRCNREU,2024-05-28,5021
Global average,FRGBLFB,2024-05-29,3453
China to Northern Europe,FRCNREU,2024-05-29,5021
Global average,FRGBLFB,2024-05-30,3494
China to Northern Europe,FRCNREU,2024-05-30,5021
Global average,FRGBLFB,2024-05-31,3508
China to Northern Europe,FRCNREU,2024-05-31,5023
Global average,FRGBLFB,2024-06-03,3765
China to Northern Europe,FRCNREU,2024-06-03,5940
Global average,FRGBLFB,2024-06-04,4058
China to Northern Europe,FRCNREU,2024-06-04,6192
Global average,FRGBLFB,2024-06-05,4049
China to Northern Europe,FRCNREU,2024-06-05,6130
Global average,FRGBLFB,2024-06-06,4041
China to Northern Europe,FRCNREU,2024-06-06,6165
Global average,FRGBLFB,2024-06-07,4065
China to Northern Europe,FRCNREU,2024-06-07,6164
Global average,FRGBLFB,2024-06-10,4048
China to Northern Europe,FRCNREU,2024-06-10,6016
Global average,FRGBLFB,2024-06-11,4138
China to Northern Europe,FRCNREU,2024-06-11,6581
Global average,FRGBLFB,2024-06-12,4129
China to Northern Europe,FRCNREU,2024-06-12,6573
Global average,FRGBLFB,2024-06-13,4128
China to Northern Europe,FRCNREU,2024-06-13,6564
Global average,FRGBLFB,2024-06-14,4142
China to Northern Europe,FRCNREU,2024-06-14,6573
Global average,FRGBLFB,2024-06-17,4307
China to Northern Europe,FRCNREU,2024-06-17,6808
Global average,FRGBLFB,2024-06-18,4471
China to Northern Europe,FRCNREU,2024-06-18,6858
Global average,FRGBLFB,2024-06-19,4490
China to Northern Europe,FRCNREU,2024-06-19,7114
Global average,FRGBLFB,2024-06-20,4481
China to Northern Europe,FRCNREU,2024-06-20,7114
Global average,FRGBLFB,2024-06-21,4483
China to Northern Europe,FRCNREU,2024-06-21,7109
Global average,FRGBLFB,2024-06-24,4507
China to Northern Europe,FRCNREU,2024-06-24,7117
Global average,FRGBLFB,2024-06-25,4510
China to Northern Europe,FRCNREU,2024-06-25,7133
Global average,FRGBLFB,2024-06-26,4509
China to Northern Europe,FRCNREU,2024-06-26,7133
Global average,FRGBLFB,2024-06-27,4507
China to Northern Europe,FRCNREU,2024-06-27,7133
Global average,FRGBLFB,2024-06-28,4507
China to Northern Europe,FRCNREU,2024-06-28,7134
Global average,FRGBLFB,2024-07-01,4508
China to Northern Europe,FRCNREU,2024-07-01,7134
Global average,FRGBLFB,2024-07-02,5068
China to Northern Europe,FRCNREU,2024-07-02,8764
Global average,FRGBLFB,2024-07-03,5214
China to Northern Europe,FRCNREU,2024-07-03,8854
Global average,FRGBLFB,2024-07-04,5162
China to Northern Europe,FRCNREU,2024-07-04,8624
Global average,FRGBLFB,2024-07-05,5161
China to Northern Europe,FRCNREU,2024-07-05,8633
Global average,FRGBLFB,2024-07-08,5175
China to Northern Europe,FRCNREU,2024-07-08,8631
Global average,FRGBLFB,2024-07-09,5218
China to Northern Europe,FRCNREU,2024-07-09,8631
Global average,FRGBLFB,2024-07-10,5178
China to Northern Europe,FRCNREU,2024-07-10,8631
Global average,FRGBLFB,2024-07-11,5181
China to Northern Europe,FRCNREU,2024-07-11,8631
Global average,FRGBLFB,2024-07-12,5157
China to Northern Europe,FRCNREU,2024-07-12,8638
Global average,FRGBLFB,2024-07-15,5081
China to Northern Europe,FRCNREU,2024-07-15,8607
Global average,FRGBLFB,2024-07-16,5149
China to Northern Europe,FRCNREU,2024-07-16,8890
Global average,FRGBLFB,2024-07-17,5006
China to Northern Europe,FRCNREU,2024-07-17,8200
Global average,FRGBLFB,2024-07-18,5007
China to Northern Europe,FRCNREU,2024-07-18,8201
Global average,FRGBLFB,2024-07-19,5007
China to Northern Europe,FRCNREU,2024-07-19,8201
Global average,FRGBLFB,2024-07-22,5030
China to Northern Europe,FRCNREU,2024-07-22,8218
Global average,FRGBLFB,2024-07-23,5065
China to Northern Europe,FRCNREU,2024-07-23,8407
Global average,FRGBLFB,2024-07-24,5097
China to Northern Europe,FRCNREU,2024-07-24,8404
Global average,FRGBLFB,2024-07-25,5096
China to Northern Europe,FRCNREU,2024-07-25,8407
Global average,FRGBLFB,2024-07-26,5075
China to Northern Europe,FRCNREU,2024-07-26,8408
Global average,FRGBLFB,2024-07-29,4958
China to Northern Europe,FRCNREU,2024-07-29,8234
Global average,FRGBLFB,2024-07-30,4998
China to Northern Europe,FRCNREU,2024-07-30,8480
Global average,FRGBLFB,2024-07-31,4994
China to Northern Europe,FRCNREU,2024-07-31,8477
Global average,FRGBLFB,2024-08-01,4846
China to Northern Europe,FRCNREU,2024-08-01,8477
Global average,FRGBLFB,2024-08-02,4825
China to Northern Europe,FRCNREU,2024-08-02,8477
Global average,FRGBLFB,2024-08-05,4812
China to Northern Europe,FRCNREU,2024-08-05,8477
Global average,FRGBLFB,2024-08-06,4723
China to Northern Europe,FRCNREU,2024-08-06,8168
Global average,FRGBLFB,2024-08-07,4758
China to Northern Europe,FRCNREU,2024-08-07,8357
Global average,FRGBLFB,2024-08-08,5484
China to Northern Europe,FRCNREU,2024-08-08,8357
Global average,FRGBLFB,2024-08-09,5472
China to Northern Europe,FRCNREU,2024-08-09,8357
Global average,FRGBLFB,2024-08-12,5461
China to Northern Europe,FRCNREU,2024-08-12,8332
Global average,FRGBLFB,2024-08-13,5457
China to Northern Europe,FRCNREU,2024-08-13,8339
Global average,FRGBLFB,2024-08-14,5429
China to Northern Europe,FRCNREU,2024-08-14,8197
Global average,FRGBLFB,2024-08-15,5433
China to Northern Europe,FRCNREU,2024-08-15,8339
Global average,FRGBLFB,2024-08-16,5400
China to Northern Europe,FRCNREU,2024-08-16,8113
Global average,FRGBLFB,2024-08-19,5620
China to Northern Europe,FRCNREU,2024-08-19,8113
Global average,FRGBLFB,2024-08-20,5613
China to Northern Europe,FRCNREU,2024-08-20,8113
Global average,FRGBLFB,2024-08-21,5558
China to Northern Europe,FRCNREU,2024-08-21,8113
Global average,FRGBLFB,2024-08-22,5484
China to Northern Europe,FRCNREU,2024-08-22,7743
Global average,FRGBLFB,2024-08-23,5484
China to Northern Europe,FRCNREU,2024-08-23,7743
Global average,FRGBLFB,2024-08-26,5484
China to Northern Europe,FRCNREU,2024-08-26,7743
Global average,FRGBLFB,2024-08-27,5332
China to Northern Europe,FRCNREU,2024-08-27,7782
Global average,FRGBLFB,2024-08-28,5333
China to Northern Europe,FRCNREU,2024-08-28,7782
Global average,FRGBLFB,2024-08-29,5318
China to Northern Europe,FRCNREU,2024-08-29,7757
Global average,FRGBLFB,2024-08-30,5319
China to Northern Europe,FRCNREU,2024-08-30,7757
Global average,FRGBLFB,2024-09-02,5316
China to Northern Europe,FRCNREU,2024-09-02,7757
Global average,FRGBLFB,2024-09-03,4991
China to Northern Europe,FRCNREU,2024-09-03,6542
Global average,FRGBLFB,2024-09-04,5001
China to Northern Europe,FRCNREU,2024-09-04,6547
Global average,FRGBLFB,2024-09-05,5000
China to Northern Europe,FRCNREU,2024-09-05,6548
Global average,FRGBLFB,2024-09-06,5003
China to Northern Europe,FRCNREU,2024-09-06,6542
Global average,FRGBLFB,2024-09-09,5057
China to Northern Europe,FRCNREU,2024-09-09,6542
Global average,FRGBLFB,2024-09-10,5048
China to Northern Europe,FRCNREU,2024-09-10,6501
Global average,FRGBLFB,2024-09-11,5048
China to Northern Europe,FRCNREU,2024-09-11,6501
Global average,FRGBLFB,2024-09-12,4973
China to Northern Europe,FRCNREU,2024-09-12,6501
Global average,FRGBLFB,2024-09-13,4969
China to Northern Europe,FRCNREU,2024-09-13,6493
Global average,FRGBLFB,2024-09-16,4955
China to Northern Europe,FRCNREU,2024-09-16,6493
Global average,FRGBLFB,2024-09-17,4635
China to Northern Europe,FRCNREU,2024-09-17,5142
Global average,FRGBLFB,2024-09-18,4636
China to Northern Europe,FRCNREU,2024-09-18,5142
Global average,FRGBLFB,2024-09-19,4638
China to Northern Europe,FRCNREU,2024-09-19,5142
Global average,FRGBLFB,2024-09-20,4643
China to Northern Europe,FRCNREU,2024-09-20,5142
Global average,FRGBLFB,2024-09-23,4626
China to Northern Europe,FRCNREU,2024-09-23,5142
Global average,FRGBLFB,2024-09-24,4602
China to Northern Europe,FRCNREU,2024-09-24,5142
Global average,FRGBLFB,2024-09-25,4559
China to Northern Europe,FRCNREU,2024-09-25,5142
Global average,FRGBLFB,2024-09-26,4551
China to Northern Europe,FRCNREU,2024-09-26,5142
Global average,FRGBLFB,2024-09-27,4482
China to Northern Europe,FRCNREU,2024-09-27,4804
Global average,FRGBLFB,2024-09-30,4448
China to Northern Europe,FRCNREU,2024-09-30,4804
Global average,FRGBLFB,2024-10-01,4074
China to Northern Europe,FRCNREU,2024-10-01,4222
Global average,FRGBLFB,2024-10-02,3385
China to Northern Europe,FRCNREU,2024-10-02,3664
Global average,FRGBLFB,2024-10-03,3439
China to Northern Europe,FRCNREU,2024-10-03,3961
Global average,FRGBLFB,2024-10-04,3569
China to Northern Europe,FRCNREU,2024-10-04,3597
Global average,FRGBLFB,2024-10-07,3677
China to Northern Europe,FRCNREU,2024-10-07,3754
Global average,FRGBLFB,2024-10-08,3607
China to Northern Europe,FRCNREU,2024-10-08,3602
Global average,FRGBLFB,2024-10-09,3605
China to Northern Europe,FRCNREU,2024-10-09,3602
Global average,FRGBLFB,2024-10-10,3602
China to Northern Europe,FRCNREU,2024-10-10,3584
Global average,FRGBLFB,2024-10-11,3603
China to Northern Europe,FRCNREU,2024-10-11,3584
Global average,FRGBLFB,2024-10-14,3586
China to Northern Europe,FRCNREU,2024-10-14,3584
Global average,FRGBLFB,2024-10-15,3579
China to Northern Europe,FRCNREU,2024-10-15,3612
Global average,FRGBLFB,2024-10-16,3367
China to Northern Europe,FRCNREU,2024-10-16,3834
Global average,FRGBLFB,2024-10-17,3303
China to Northern Europe,FRCNREU,2024-10-17,3295
Global average,FRGBLFB,2024-10-18,3087
China to Northern Europe,FRCNREU,2024-10-18,3290
Global average,FRGBLFB,2024-10-21,3295
China to Northern Europe,FRCNREU,2024-10-21,3354
Global average,FRGBLFB,2024-10-22,3284
China to Northern Europe,FRCNREU,2024-10-22,3352
Global average,FRGBLFB,2024-10-23,3309
China to Northern Europe,FRCNREU,2024-10-23,3605
Global average,FRGBLFB,2024-10-24,3314
China to Northern Europe,FRCNREU,2024-10-24,3605
Global average,FRGBLFB,2024-10-25,3299
China to Northern Europe,FRCNREU,2024-10-25,3530
Global average,FRGBLFB,2024-10-28,3259
China to Northern Europe,FRCNREU,2024-10-28,3361
Global average,FRGBLFB,2024-10-29,3287
China to Northern Europe,FRCNREU,2024-10-29,3498
Global average,FRGBLFB,2024-10-30,3244
China to Northern Europe,FRCNREU,2024-10-30,3498
Global average,FRGBLFB,2024-10-31,3247
China to Northern Europe,FRCNREU,2024-10-31,3487
Global average,FRGBLFB,2024-11-01,3538
China to Northern Europe,FRCNREU,2024-11-01,4430
Global average,FRGBLFB,2024-11-04,3521
China to Northern Europe,FRCNREU,2024-11-04,4489
Global average,FRGBLFB,2024-11-05,3528
China to Northern Europe,FRCNREU,2024-11-05,4562
Global average,FRGBLFB,2024-11-06,3590
China to Northern Europe,FRCNREU,2024-11-06,4473
Global average,FRGBLFB,2024-11-07,3580
China to Northern Europe,FRCNREU,2024-11-07,4479
Global average,FRGBLFB,2024-11-08,3602
China to Northern Europe,FRCNREU,2024-11-08,4473
Global average,FRGBLFB,2024-11-11,3648
China to Northern Europe,FRCNREU,2024-11-11,4572
Global average,FRGBLFB,2024-11-12,3666
China to Northern Europe,FRCNREU,2024-11-12,4608
Global average,FRGBLFB,2024-11-13,3591
China to Northern Europe,FRCNREU,2024-11-13,4614
Global average,FRGBLFB,2024-11-14,3588
China to Northern Europe,FRCNREU,2024-11-14,4614
Global average,FRGBLFB,2024-11-15,3569
China to Northern Europe,FRCNREU,2024-11-15,4491
Global average,FRGBLFB,2024-11-18,3568
China to Northern Europe,FRCNREU,2024-11-18,4491
Global average,FRGBLFB,2024-11-19,3593
China to Northern Europe,FRCNREU,2024-11-19,4491
Global average,FRGBLFB,2024-11-20,3589
China to Northern Europe,FRCNREU,2024-11-20,4491
Global average,FRGBLFB,2024-11-21,3578
China to Northern Europe,FRCNREU,2024-11-21,4491
Global average,FRGBLFB,2024-11-22,3622
China to Northern Europe,FRCNREU,2024-11-22,4491
Global average,FRGBLFB,2024-11-25,3689
China to Northern Europe,FRCNREU,2024-11-25,4491
Global average,FRGBLFB,2024-11-26,3634
China to Northern Europe,FRCNREU,2024-11-26,4491
Global average,FRGBLFB,2024-11-27,3638
China to Northern Europe,FRCNREU,2024-11-27,4491
Global average,FRGBLFB,2024-11-28,3671
China to Northern Europe,FRCNREU,2024-11-28,4491
Global average,FRGBLFB,2024-11-29,3673
China to Northern Europe,FRCNREU,2024-11-29,4491
Global average,FRGBLFB,2024-12-02,3553
China to Northern Europe,FRCNREU,2024-12-02,4959
Global average,FRGBLFB,2024-12-03,3630
China to Northern Europe,FRCNREU,2024-12-03,5404
Global average,FRGBLFB,2024-12-04,3617
China to Northern Europe,FRCNREU,2024-12-04,5438
Global average,FRGBLFB,2024-12-05,3485
China to Northern Europe,FRCNREU,2024-12-05,5414
Global average,FRGBLFB,2024-12-06,3484
China to Northern Europe,FRCNREU,2024-12-06,5405
Global average,FRGBLFB,2024-12-09,3697
China to Northern Europe,FRCNREU,2024-12-09,5223
Global average,FRGBLFB,2024-12-10,3653
China to Northern Europe,FRCNREU,2024-12-10,5011
Global average,FRGBLFB,2024-12-11,3666
China to Northern Europe,FRCNREU,2024-12-11,5078
Global average,FRGBLFB,2024-12-12,3638
China to Northern Europe,FRCNREU,2024-12-12,4971
Global average,FRGBLFB,2024-12-13,3639
China to Northern Europe,FRCNREU,2024-12-13,4971
Global average,FRGBLFB,2024-12-16,3637
China to Northern Europe,FRCNREU,2024-12-16,4971
Global average,FRGBLFB,2024-12-17,3636
China to Northern Europe,FRCNREU,2024-12-17,4971
Global average,FRGBLFB,2024-12-18,3738
China to Northern Europe,FRCNREU,2024-12-18,4971
Global average,FRGBLFB,2024-12-19,3713
China to Northern Europe,FRCNREU,2024-12-19,4971
Global average,FRGBLFB,2024-12-20,3730
China to Northern Europe,FRCNREU,2024-12-20,4971
Global average,FRGBLFB,2024-12-23,3769
China to Northern Europe,FRCNREU,2024-12-23,4971
Global average,FRGBLFB,2024-12-24,3840
China to Northern Europe,FRCNREU,2024-12-24,5339
Global average,FRGBLFB,2024-12-25,3840
China to Northern Europe,FRCNREU,2024-12-25,5339
Global average,FRGBLFB,2024-12-26,3840
China to Northern Europe,FRCNREU,2024-12-26,5339
Global average,FRGBLFB,2024-12-27,3840
China to Northern Europe,FRCNREU,2024-12-27,5339
Global average,FRGBLFB,2024-12-30,3840
China to Northern Europe,FRCNREU,2024-12-30,5339
Global average,FRGBLFB,2024-12-31,3840
China to Northern Europe,FRCNREU,2024-12-31,5339
Global average,FRGBLFB,2025-01-01,3840
China to Northern Europe,FRCNREU,2025-01-01,5339
Global average,FRGBLFB,2025-01-02,4322
China to Northern Europe,FRCNREU,2025-01-02,5721
Global average,FRGBLFB,2025-01-03,4259
China to Northern Europe,FRCNREU,2025-01-03,5394
Global average,FRGBLFB,2025-01-06,4229
China to Northern Europe,FRCNREU,2025-01-06,5394
Global average,FRGBLFB,2025-01-07,4306
China to Northern Europe,FRCNREU,2025-01-07,5643
Global average,FRGBLFB,2025-01-08,4229
China to Northern Europe,FRCNREU,2025-01-08,5652
Global average,FRGBLFB,2025-01-09,4337
China to Northern Europe,FRCNREU,2025-01-09,5777
Global average,FRGBLFB,2025-01-10,4336
China to Northern Europe,FRCNREU,2025-01-10,5733
Global average,FRGBLFB,2025-01-13,4161
China to Northern Europe,FRCNREU,2025-01-13,5110
Global average,FRGBLFB,2025-01-14,3994
China to Northern Europe,FRCNREU,2025-01-14,4600
Global average,FRGBLFB,2025-01-15,3778
China to Northern Europe,FRCNREU,2025-01-15,4600
Global average,FRGBLFB,2025-01-16,3776
China to Northern Europe,FRCNREU,2025-01-16,4600
Global average,FRGBLFB,2025-01-17,3757
China to Northern Europe,FRCNREU,2025-01-17,4561
Global average,FRGBLFB,2025-01-20,3671
China to Northern Europe,FRCNREU,2025-01-20,4339
Global average,FRGBLFB,2025-01-21,3626
China to Northern Europe,FRCNREU,2025-01-21,4146
Global average,FRGBLFB,2025-01-22,3625
China to Northern Europe,FRCNREU,2025-01-22,4146
Global average,FRGBLFB,2025-01-23,3707
China to Northern Europe,FRCNREU,2025-01-23,4118
Global average,FRGBLFB,2025-01-24,3652
China to Northern Europe,FRCNREU,2025-01-24,3860
Global average,FRGBLFB,2025-01-27,3631
China to Northern Europe,FRCNREU,2025-01-27,3863
